{
   "mean": [
      -0.0008012638122974762,
      6.925305740158657e-05,
      0.007672504726264604
   ],
   "std": [
      0.008916886903417045,
      0.008772642329042152,
      0.005419648193199585
   ],
   "max": [
      0.012274146291131001,
      0.013273278388878,
      0.023608152170483003
   ],
   "min": [
      -0.014035749590661001,
      -0.013254710982824,
      0.002122825354679
   ]
}