{
   "mean": [
      0.0001891500554293511,
      -8.431022355352015e-05,
      0.013193435677597924
   ],
   "std": [
      0.00825070216769424,
      0.00810198565259315,
      0.006648999385817043
   ],
   "max": [
      0.012499014382754001,
      0.012477658790027001,
      0.026500002075286
   ],
   "min": [
      -0.012458104164502002,
      -0.012499433333538002,
      0.00466666691499
   ]
}