{
   "mean": [
      -0.0007661333296659749,
      -7.187564580844628e-05,
      0.008743759672558358
   ],
   "std": [
      0.008531771816055746,
      0.008461193972746289,
      0.007004095109550503
   ],
   "max": [
      0.012264415399207002,
      0.013187681986644,
      0.023608130104762003
   ],
   "min": [
      -0.014017076937155001,
      -0.013177422404504001,
      0.00044875210300100005
   ]
}