{
   "mean": [
      -0.0009116020234972041,
      -2.998625731153589e-06,
      0.007682511277643748
   ],
   "std": [
      0.008902229620547526,
      0.008788137790422219,
      0.005414605792041903
   ],
   "max": [
      0.012274146291131001,
      0.013271307909685,
      0.023608152170483003
   ],
   "min": [
      -0.014035749590661001,
      -0.013254710982824,
      0.00212848676938
   ]
}