{
   "mean": [
      -0.000625047637443361,
      0.00014790754131802607,
      0.007744783331923281
   ],
   "std": [
      0.008773488644072841,
      0.008919487924921301,
      0.005360675595858069
   ],
   "max": [
      0.012274146291131001,
      0.013273278388878,
      0.023608152170483003
   ],
   "min": [
      -0.014029756977693,
      -0.013254710982824,
      0.002122825354679
   ]
}