{
   "mean": [
      -0.000693214786954668,
      -4.8738498187074025e-05,
      0.007583165301649989
   ],
   "std": [
      0.008915744331353443,
      0.008807758153184592,
      0.00534339864110333
   ],
   "max": [
      0.012274146291131001,
      0.013273278388878,
      0.023608152170483003
   ],
   "min": [
      -0.014035749590661001,
      -0.013254710982824,
      0.002122825354679
   ]
}