{
   "mean": [
      -0.00045661341114266313,
      0.00011011058650721113,
      0.008721595597857616
   ],
   "std": [
      0.008585875524362444,
      0.00839208548388038,
      0.007032069644667563
   ],
   "max": [
      0.012265053918481001,
      0.013194189733690001,
      0.023608130104762003
   ],
   "min": [
      -0.014017076937155001,
      -0.013187683350488002,
      0.000449951585398
   ]
}