{
   "mean": [
      0.00030988543172211404,
      4.463855509053164e-05,
      0.013199750655464495
   ],
   "std": [
      0.008270148612957213,
      0.008084677123668732,
      0.006641366991286819
   ],
   "max": [
      0.012499014382754001,
      0.012477658790027001,
      0.026500002075286
   ],
   "min": [
      -0.012458104164502002,
      -0.012499433333538002,
      0.00466666691499
   ]
}