{
   "mean": [
      -0.0009837893486182958,
      0.00023188123886166967,
      0.007585161150500435
   ],
   "std": [
      0.008945463427869262,
      0.008770086718008946,
      0.005340277094777919
   ],
   "max": [
      0.012272950981236002,
      0.013273278388878,
      0.022167262065005
   ],
   "min": [
      -0.014035749590661001,
      -0.013254710982824,
      0.002122825354679
   ]
}