{
   "mean": [
      -0.000760185364406816,
      -6.322718877640806e-05,
      0.008426237962195245
   ],
   "std": [
      0.008916818614916708,
      0.008805631894352267,
      0.004854599976787867
   ],
   "max": [
      0.012285500236739001,
      0.013300204660951002,
      0.023610861668783
   ],
   "min": [
      -0.014042032561496002,
      -0.013294869830580001,
      0.003409894066056
   ]
}